{
  "Koteshwor": {
    "Long": 85.345924,
    "Lat": 27.675554
  },
  "Tinkune": {
    "Long": 85.348621,
    "Lat": 27.685171
  },
  "Baneshwor": {
    "Long": 85.342049,
    "Lat": 27.69152
  },
  "Tripureshwor": {
    "Long": 85.313317,
    "Lat": 27.694132
  },
  "Gausala": {
    "Long": 85.3466,
    "Lat": 29.313317
  },
  "Maharajgunj": {
    "Long": 85.32829,
    "Lat": 27.73148
  },
  "Kalanki": {
    "Long": 85.28464,
    "Lat": 27.69065
  },
  "Pokhara": {
    "Long": 83.9856,
    "Lat": 28.2096
  },
  "Dhankuta": {
    "Long": 87.3215,
    "Lat": 26.9835
  },
  "Kathmandu": {
    "Long": 85.3240,
    "Lat":  27.7172
  }
}
